tweet_id,timestamp,source,text,rating_numerator,rating_denominator,name,dog_types,jpg_url,p1,p1_conf,p1_dog,p2,p2_conf,p2_dog,p3,p3_conf,p3_dog,retweet_count,favorites_count,followers_count,listed_count
863079547188785154,2017-05-12 17:12:53+00:00,"<a href=""http://twitter.com/download/iphone"" rel=""nofollow"">Twitter for iPhone</a>","Ladies and gentlemen... I found Pipsy. He may have changed his name to Pablo, but he never changed his love for the sea. Pupgraded to 14/10 https://t.co/lVU5GyNFen",14,10,None,None,https://pbs.twimg.com/media/C_pGRInUwAAmTY_.jpg,Lakeland_terrier,0.275242,True,Airedale,0.190569,True,teddy,0.102595,False,,,,
856526610513747968,2017-04-24 15:13:52+00:00,"<a href=""http://twitter.com/download/iphone"" rel=""nofollow"">Twitter for iPhone</a>","THIS IS CHARLIE, MARK. HE DID JUST WANT TO SAY HI AFTER ALL. PUPGRADED TO A 14/10. WOULD BE AN HONOR TO FLY WITH https://t.co/p1hBHCmWnA",14,10,None,None,https://pbs.twimg.com/media/C-L-aIYXgAIR0jY.jpg,Old_English_sheepdog,0.798481,True,Tibetan_terrier,0.0606024,True,standard_poodle,0.0407219,True,,,,
844979544864018432,2017-03-23 18:29:57+00:00,"<a href=""http://twitter.com/download/iphone"" rel=""nofollow"">Twitter for iPhone</a>","PUPDATE: I'm proud to announce that Toby is 236 days sober. Pupgraded to a 13/10. We're all very proud of you, Toby https://t.co/a5OaJeRl9B",13,10,None,None,https://pbs.twimg.com/media/C7n4aQ0VAAAohkL.jpg,tennis_ball,0.999281,False,racket,0.00037008,False,Shetland_sheepdog,0.000132068,True,,,,
802265048156610565,2016-11-25 21:37:47+00:00,"<a href=""http://twitter.com/download/iphone"" rel=""nofollow"">Twitter for iPhone</a>","Like doggo, like pupper version 2. Both 11/10 https://t.co/9IxWAXFqze",11,10,None,pupper,https://pbs.twimg.com/media/CyI3zXgWEAACQfB.jpg,Labrador_retriever,0.8971620000000001,True,beagle,0.0168947999999999,True,Rhodesian_ridgeback,0.0120606,True,,,,
746906459439529985,2016-06-26 03:22:31+00:00,"<a href=""http://twitter.com/download/iphone"" rel=""nofollow"">Twitter for iPhone</a>","PUPDATE: can't see any. Even if I could, I couldn't reach them to pet. 0/10 much disappointment https://t.co/c7WXaB2nqX",0,10,None,None,https://pbs.twimg.com/media/Cl2LdofXEAATl7x.jpg,traffic_light,0.470708,False,fountain,0.199776,False,space_shuttle,0.064807,False,,,,
746818907684614144,2016-06-25 21:34:37+00:00,"<a href=""http://twitter.com/download/iphone"" rel=""nofollow"">Twitter for iPhone</a>","Guys... Dog Jesus 2.0
13/10 buoyant af https://t.co/CuNA7OwfKQ",13,10,None,None,https://pbs.twimg.com/media/Cl071YVWEAAlF7N.jpg,dingo,0.175518,False,timber_wolf,0.133647,False,Ibizan_hound,0.101537,True,,,,
729838605770891264,2016-05-10 01:00:58+00:00,"<a href=""http://twitter.com/download/iphone"" rel=""nofollow"">Twitter for iPhone</a>","""Challenge completed"" 
(pupgraded to 12/10) https://t.co/85dTK7XCXB",12,10,None,None,https://pbs.twimg.com/ext_tw_video_thumb/729838572744912896/pu/img/RIl-XYmRxW-YLFSV.jpg,stone_wall,0.7582180000000001,False,patio,0.0742053999999999,False,prison,0.013826,False,,,,
705786532653883392,2016-03-04 16:06:36+00:00,"<a href=""http://twitter.com/download/iphone"" rel=""nofollow"">Twitter for iPhone</a>","Seriously, add us üê∂ 11/10 for sad wet pupper https://t.co/xwPE9faVZR",11,10,None,pupper,https://pbs.twimg.com/media/Cct1G6vVAAI9ZjF.jpg,web_site,0.550294,False,Labrador_retriever,0.148496,True,golden_retriever,0.148482,True,,,,
704871453724954624,2016-03-02 03:30:25+00:00,"<a href=""http://twitter.com/download/iphone"" rel=""nofollow"">Twitter for iPhone</a>",I found a forest Pipsy. 12/10 https://t.co/mIQ1KoVsmU,12,10,None,None,https://pbs.twimg.com/media/Ccg02LiWEAAJHw1.jpg,Norfolk_terrier,0.689504,True,soft-coated_wheaten_terrier,0.10148,True,Norwich_terrier,0.0557784999999999,True,,,,
703425003149250560,2016-02-27 03:42:44+00:00,"<a href=""http://twitter.com/download/iphone"" rel=""nofollow"">Twitter for iPhone</a>","Really guys? Again? I know this is a rare Albanian Bingo Seal, but we only rate dogs. Only send in dogs... 9/10 https://t.co/6JYLpUmBrC",9,10,None,None,https://pbs.twimg.com/media/CcMRSwUW8AAxxNC.jpg,miniature_pinscher,0.2928659999999999,True,sleeping_bag,0.142122,False,Italian_greyhound,0.070849,True,,,,
695767669421768709,2016-02-06 00:35:13+00:00,"<a href=""http://twitter.com/download/iphone"" rel=""nofollow"">Twitter for iPhone</a>",If you are aware of who is making these please let me know. 13/10 vroom vroom https://t.co/U0D1sbIDrG,13,10,None,None,https://pbs.twimg.com/media/CafdAWCW0AE3Igl.jpg,soft-coated_wheaten_terrier,0.805139,True,Lakeland_terrier,0.1216619999999999,True,Afghan_hound,0.0233025,True,,,,
694356675654983680,2016-02-02 03:08:26+00:00,"<a href=""http://twitter.com/download/iphone"" rel=""nofollow"">Twitter for iPhone</a>","This pupper only appears through the hole of a Funyun. Much like Phineas, this one is also mysterious af. 10/10 https://t.co/SQsEBWxPyG",10,10,None,pupper,https://pbs.twimg.com/media/CaLZtmsWQAApbFw.jpg,hamster,0.429871,False,Pomeranian,0.144272,True,pretzel,0.12722,False,,,,
692142790915014657,2016-01-27 00:31:15+00:00,"<a href=""http://twitter.com/download/iphone"" rel=""nofollow"">Twitter for iPhone</a>",These are some pictures of Teddy that further justify his 13/10 rating. Please enjoy https://t.co/tDkJAnQsbQ,13,10,None,None,https://pbs.twimg.com/media/CZr8LvyXEAABJ9k.jpg,toy_poodle,0.670068,True,teddy,0.190898,False,miniature_poodle,0.0321779,True,,,,
684538444857667585,2016-01-06 00:54:18+00:00,"<a href=""http://twitter.com/download/iphone"" rel=""nofollow"">Twitter for iPhone</a>","After watching this video, we've determined that Pippa will be upgraded to a 12/10. Please enjoy https://t.co/IKoRK4yoxV",12,10,None,None,https://pbs.twimg.com/ext_tw_video_thumb/684538367950872576/pu/img/kTKOkSU45BS-fpq8.jpg,Chihuahua,0.702583,True,Siamese_cat,0.0682181,False,macaque,0.0433246,False,,,,
684225744407494656,2016-01-05 04:11:44+00:00,"<a href=""http://twitter.com/download/iphone"" rel=""nofollow"">Twitter for iPhone</a>","Two sneaky puppers were not initially seen, moving the rating to 143/130. Please forgive us. Thank you https://t.co/kRK51Y5ac3",143,130,None,None,https://pbs.twimg.com/media/CX7br3HWsAAQ9L1.jpg,golden_retriever,0.203249,True,Samoyed,0.0679581,True,Great_Pyrenees,0.0653275,True,,,,
675870721063669760,2015-12-13 02:51:51+00:00,"<a href=""http://twitter.com/download/iphone"" rel=""nofollow"">Twitter for iPhone</a>",&amp; this is Yoshi. Another world record contender 11/10 (what the hell is happening why are there so many contenders?) https://t.co/QG708dDNH6,11,10,None,None,https://pbs.twimg.com/media/CWEs1b-WEAEhq82.jpg,golden_retriever,0.263892,True,Welsh_springer_spaniel,0.184193,True,beagle,0.182241,True,,,,
675707330206547968,2015-12-12 16:02:36+00:00,"<a href=""http://twitter.com/download/iphone"" rel=""nofollow"">Twitter for iPhone</a>",We've got ourselves a battle here. Watch out Reggie. 11/10 https://t.co/ALJvbtcwf0,11,10,None,None,https://pbs.twimg.com/media/CWCYOqWUAAARmGr.jpg,bath_towel,0.721933,False,Staffordshire_bullterrier,0.0593442,True,bagel,0.0357015999999999,False,,,,
675349384339542016,2015-12-11 16:20:15+00:00,"<a href=""http://twitter.com/download/iphone"" rel=""nofollow"">Twitter for iPhone</a>",Yea I lied. Here's more. All 13/10 https://t.co/ZQZf2U4xCP,13,10,None,None,https://pbs.twimg.com/media/CV9SrABU4AQI46z.jpg,borzoi,0.866367,True,Saluki,0.122079,True,Irish_wolfhound,0.00401972,True,,,,
674999807681908736,2015-12-10 17:11:09+00:00,"<a href=""http://twitter.com/download/iphone"" rel=""nofollow"">Twitter for iPhone</a>",Ok last one of these. I may try to make some myself. Anyway here ya go. 13/10 https://t.co/i9CDd1oEu8,13,10,None,None,https://pbs.twimg.com/media/CV4UvgNUkAEEnZd.jpg,Rottweiler,0.591829,True,Doberman,0.204544,True,black-and-tan_coonhound,0.0786018999999999,True,,,,
674793399141146624,2015-12-10 03:30:58+00:00,"<a href=""http://twitter.com/download/iphone"" rel=""nofollow"">Twitter for iPhone</a>",I have found another. 13/10 https://t.co/HwroPYv8pY,13,10,None,None,https://pbs.twimg.com/media/CV1ZA3oWEAA1HW_.jpg,giant_schnauzer,0.119693,True,Afghan_hound,0.0727627,True,miniature_schnauzer,0.0637859,True,,,,
674754018082705410,2015-12-10 00:54:28+00:00,"<a href=""http://twitter.com/download/iphone"" rel=""nofollow"">Twitter for iPhone</a>",Just received another perfect photo of dogs and the sunset. 12/10 https://t.co/9YmNcxA2Cc,12,10,None,None,https://pbs.twimg.com/media/CV01M3ZWIAAV7rv.jpg,seashore,0.352321,False,promontory,0.131753,False,wreck,0.0955966999999999,False,,,,
671729906628341761,2015-12-01 16:37:44+00:00,"<a href=""http://twitter.com/download/iphone"" rel=""nofollow"">Twitter for iPhone</a>",I'm just going to leave this one here as well. 13/10 https://t.co/DaD5SyajWt,13,10,None,None,https://pbs.twimg.com/media/CVJ2yR2UwAAdCzU.jpg,kuvasz,0.4314689999999999,True,Samoyed,0.117122,True,white_wolf,0.0900666,False,,,,
669353438988365824,2015-11-25 03:14:30+00:00,"<a href=""http://twitter.com/download/iphone"" rel=""nofollow"">Twitter for iPhone</a>",This is Tessa. She is also very pleased after finally meeting her biological father. 10/10 https://t.co/qDS1aCqppv,10,10,Tessa,None,https://pbs.twimg.com/media/CUoFZTyW4AE70iD.jpg,teddy,0.379656,False,Pembroke,0.2123429999999999,True,chow,0.0969952999999999,True,,,,
